country_name,country_code,year,value
Afghanistan,AFG,2017,18896353156.0
Afghanistan,AFG,2018,18418860354.0
Afghanistan,AFG,2019,18904502222.0
Afghanistan,AFG,2020,20143451706.0
Afghanistan,AFG,2021,14583135237.0
Africa Eastern and Southern,AFE,2017,1020000000000.0
Africa Eastern and Southern,AFE,2018,1010000000000.0
Africa Eastern and Southern,AFE,2019,1000000000000.0
Africa Eastern and Southern,AFE,2020,928000000000.0
Africa Eastern and Southern,AFE,2021,1080000000000.0
Africa Eastern and Southern,AFE,2022,1170000000000.0
Africa Western and Central,AFW,2017,685000000000.0
Africa Western and Central,AFW,2018,767000000000.0
Africa Western and Central,AFW,2019,823000000000.0
Africa Western and Central,AFW,2020,786000000000.0
Africa Western and Central,AFW,2021,844000000000.0
Africa Western and Central,AFW,2022,878000000000.0
Albania,ALB,2017,13019726212.0
Albania,ALB,2018,15156424062.0
Albania,ALB,2019,15401826081.0
Albania,ALB,2020,15162734205.0
Albania,ALB,2021,17930565119.0
Albania,ALB,2022,18882095518.0
Algeria,DZA,2017,170000000000.0
Algeria,DZA,2018,175000000000.0
Algeria,DZA,2019,172000000000.0
Algeria,DZA,2020,146000000000.0
Algeria,DZA,2021,163000000000.0
Algeria,DZA,2022,192000000000.0
American Samoa,ASM,2017,612000000.0
American Samoa,ASM,2018,639000000.0
American Samoa,ASM,2019,647000000.0
American Samoa,ASM,2020,716000000.0
American Samoa,ASM,2021,709000000.0
Andorra,AND,2017,3000162081.0
Andorra,AND,2018,3218419897.0
Andorra,AND,2019,3155149348.0
Andorra,AND,2020,2891001149.0
Andorra,AND,2021,3325145407.0
Andorra,AND,2022,3352032737.0
Angola,AGO,2017,68972769396.0
Angola,AGO,2018,77792944472.0
Angola,AGO,2019,69309110146.0
Angola,AGO,2020,50241368244.0
Angola,AGO,2021,65685435100.0
Angola,AGO,2022,107000000000.0
Antigua and Barbuda,ATG,2017,1467955556.0
Antigua and Barbuda,ATG,2018,1604770370.0
Antigua and Barbuda,ATG,2019,1675403704.0
Antigua and Barbuda,ATG,2020,1416348148.0
Antigua and Barbuda,ATG,2021,1560518519.0
Antigua and Barbuda,ATG,2022,1757603704.0
Argentina,ARG,2017,644000000000.0
Argentina,ARG,2018,525000000000.0
Argentina,ARG,2019,448000000000.0
Argentina,ARG,2020,386000000000.0
Argentina,ARG,2021,487000000000.0
Argentina,ARG,2022,633000000000.0
Armenia,ARM,2017,11527458713.0
Armenia,ARM,2018,12457940705.0
Armenia,ARM,2019,13619290546.0
Armenia,ARM,2020,12641698594.0
Armenia,ARM,2021,13861409969.0
Armenia,ARM,2022,19502783988.0
Aruba,ABW,2017,3092178771.0
Aruba,ABW,2018,3276187709.0
Aruba,ABW,2019,3395793855.0
Aruba,ABW,2020,2610038939.0
Aruba,ABW,2021,3126019385.0
Australia,AUS,2017,1330000000000.0
Australia,AUS,2018,1430000000000.0
Australia,AUS,2019,1390000000000.0
Australia,AUS,2020,1330000000000.0
Australia,AUS,2021,1550000000000.0
Australia,AUS,2022,1680000000000.0
Austria,AUT,2017,417000000000.0
Austria,AUT,2018,455000000000.0
Austria,AUT,2019,445000000000.0
Austria,AUT,2020,435000000000.0
Austria,AUT,2021,480000000000.0
Austria,AUT,2022,471000000000.0
Azerbaijan,AZE,2017,40866632048.0
Azerbaijan,AZE,2018,47112479289.0
Azerbaijan,AZE,2019,48174235294.0
Azerbaijan,AZE,2020,42693000000.0
Azerbaijan,AZE,2021,54825411765.0
Azerbaijan,AZE,2022,78721058824.0
"Bahamas, The",BHS,2017,12253500000.0
"Bahamas, The",BHS,2018,12653600000.0
"Bahamas, The",BHS,2019,13058700000.0
"Bahamas, The",BHS,2020,9754600000.0
"Bahamas, The",BHS,2021,11527600000.0
"Bahamas, The",BHS,2022,12897400000.0
Bahrain,BHR,2017,35473776596.0
Bahrain,BHR,2018,37802005319.0
Bahrain,BHR,2019,38653318085.0
Bahrain,BHR,2020,34621807713.0
Bahrain,BHR,2021,39303403989.0
Bahrain,BHR,2022,44390820479.0
Bangladesh,BGD,2017,294000000000.0
Bangladesh,BGD,2018,321000000000.0
Bangladesh,BGD,2019,351000000000.0
Bangladesh,BGD,2020,374000000000.0
Bangladesh,BGD,2021,416000000000.0
Bangladesh,BGD,2022,460000000000.0
Barbados,BRB,2017,4981588900.0
Barbados,BRB,2018,5097283200.0
Barbados,BRB,2019,5324250000.0
Barbados,BRB,2020,4671800000.0
Barbados,BRB,2021,4843800000.0
Barbados,BRB,2022,5637914515.0
Belarus,BLR,2017,54725311690.0
Belarus,BLR,2018,60031163987.0
Belarus,BLR,2019,64410112583.0
Belarus,BLR,2020,61371755326.0
Belarus,BLR,2021,69673747132.0
Belarus,BLR,2022,72793457588.0
Belgium,BEL,2017,503000000000.0
Belgium,BEL,2018,543000000000.0
Belgium,BEL,2019,536000000000.0
Belgium,BEL,2020,525000000000.0
Belgium,BEL,2021,594000000000.0
Belgium,BEL,2022,579000000000.0
Belize,BLZ,2017,2286000000.0
Belize,BLZ,2018,2315000000.0
Belize,BLZ,2019,2416500000.0
Belize,BLZ,2020,2080000000.0
Belize,BLZ,2021,2491500000.0
Belize,BLZ,2022,2824081836.0
Benin,BEN,2017,12701655846.0
Benin,BEN,2018,14262408080.0
Benin,BEN,2019,14391686309.0
Benin,BEN,2020,15651545209.0
Benin,BEN,2021,17690083520.0
Benin,BEN,2022,17401746309.0
Bermuda,BMU,2017,7142316000.0
Bermuda,BMU,2018,7225977000.0
Bermuda,BMU,2019,7423465000.0
Bermuda,BMU,2020,6887147000.0
Bermuda,BMU,2021,7127200000.0
Bermuda,BMU,2022,7550500000.0
Bhutan,BTN,2017,2450366108.0
Bhutan,BTN,2018,2446867582.0
Bhutan,BTN,2019,2535655609.0
Bhutan,BTN,2020,2325185521.0
Bhutan,BTN,2021,2539551327.0
Bolivia,BOL,2017,37508642171.0
Bolivia,BOL,2018,40287647931.0
Bolivia,BOL,2019,40895322851.0
Bolivia,BOL,2020,36629843806.0
Bolivia,BOL,2021,40408208524.0
Bolivia,BOL,2022,43068885673.0
Bosnia and Herzegovina,BIH,2017,18326376394.0
Bosnia and Herzegovina,BIH,2018,20484048416.0
Bosnia and Herzegovina,BIH,2019,20482603346.0
Bosnia and Herzegovina,BIH,2020,20226030731.0
Bosnia and Herzegovina,BIH,2021,23649566069.0
Bosnia and Herzegovina,BIH,2022,24527507288.0
Botswana,BWA,2017,16105156376.0
Botswana,BWA,2018,17031943186.0
Botswana,BWA,2019,16725908662.0
Botswana,BWA,2020,14960291541.0
Botswana,BWA,2021,18737066307.0
Botswana,BWA,2022,20352322157.0
Brazil,BRA,2017,2060000000000.0
Brazil,BRA,2018,1920000000000.0
Brazil,BRA,2019,1870000000000.0
Brazil,BRA,2020,1480000000000.0
Brazil,BRA,2021,1650000000000.0
Brazil,BRA,2022,1920000000000.0
Brunei Darussalam,BRN,2017,12128182464.0
Brunei Darussalam,BRN,2018,13567164445.0
Brunei Darussalam,BRN,2019,13469240163.0
Brunei Darussalam,BRN,2020,12005795915.0
Brunei Darussalam,BRN,2021,14006497000.0
Brunei Darussalam,BRN,2022,16681531646.0
Bulgaria,BGR,2017,59343060706.0
Bulgaria,BGR,2018,66399602077.0
Bulgaria,BGR,2019,68911930628.0
Bulgaria,BGR,2020,70404359049.0
Bulgaria,BGR,2021,84061395658.0
Bulgaria,BGR,2022,89040398406.0
Burkina Faso,BFA,2017,14106955625.0
Burkina Faso,BFA,2018,15890066210.0
Burkina Faso,BFA,2019,16178161666.0
Burkina Faso,BFA,2020,17933606213.0
Burkina Faso,BFA,2021,19737616003.0
Burkina Faso,BFA,2022,18884619613.0
Burundi,BDI,2017,2723586962.0
Burundi,BDI,2018,2667182199.0
Burundi,BDI,2019,2576518879.0
Burundi,BDI,2020,2649680261.0
Burundi,BDI,2021,2775798697.0
Burundi,BDI,2022,3073414678.0
Cabo Verde,CPV,2017,1996741545.0
Cabo Verde,CPV,2018,2205099509.0
Cabo Verde,CPV,2019,2266752197.0
Cabo Verde,CPV,2020,1878277311.0
Cabo Verde,CPV,2021,2091741774.0
Cabo Verde,CPV,2022,2314816792.0
Cambodia,KHM,2017,22177200589.0
Cambodia,KHM,2018,24571753582.0
Cambodia,KHM,2019,27089390033.0
Cambodia,KHM,2020,25872797892.0
Cambodia,KHM,2021,26961061152.0
Cambodia,KHM,2022,29956769529.0
Cameroon,CMR,2017,36098547059.0
Cameroon,CMR,2018,39973842059.0
Cameroon,CMR,2019,39670976440.0
Cameroon,CMR,2020,40773241212.0
Cameroon,CMR,2021,45338285386.0
Cameroon,CMR,2022,44341646509.0
Canada,CAN,2017,1650000000000.0
Canada,CAN,2018,1730000000000.0
Canada,CAN,2019,1740000000000.0
Canada,CAN,2020,1650000000000.0
Canada,CAN,2021,2000000000000.0
Canada,CAN,2022,2140000000000.0
Caribbean small states,CSS,2017,73482494257.0
Caribbean small states,CSS,2018,76247249561.0
Caribbean small states,CSS,2019,77282796216.0
Caribbean small states,CSS,2020,65994922945.0
Caribbean small states,CSS,2021,75672802627.0
Caribbean small states,CSS,2022,92935645973.0
Cayman Islands,CYM,2017,5166281293.0
Cayman Islands,CYM,2018,5530178499.0
Cayman Islands,CYM,2019,5941896600.0
Cayman Islands,CYM,2020,5647224973.0
Cayman Islands,CYM,2021,6028373541.0
Central African Republic,CAF,2017,2072349974.0
Central African Republic,CAF,2018,2220979145.0
Central African Republic,CAF,2019,2221301351.0
Central African Republic,CAF,2020,2326720902.0
Central African Republic,CAF,2021,2516498412.0
Central African Republic,CAF,2022,2382618615.0
Central Europe and the Baltics,CEB,2017,1460000000000.0
Central Europe and the Baltics,CEB,2018,1650000000000.0
Central Europe and the Baltics,CEB,2019,1670000000000.0
Central Europe and the Baltics,CEB,2020,1670000000000.0
Central Europe and the Baltics,CEB,2021,1910000000000.0
Central Europe and the Baltics,CEB,2022,1950000000000.0
Chad,TCD,2017,10000394388.0
Chad,TCD,2018,11239167890.0
Chad,TCD,2019,11314951088.0
Chad,TCD,2020,10715396051.0
Chad,TCD,2021,11779981332.0
Chad,TCD,2022,12704149842.0
Channel Islands,CHI,2017,9530244530.0
Channel Islands,CHI,2018,10422948632.0
Channel Islands,CHI,2019,10381669645.0
Channel Islands,CHI,2020,9811538462.0
Channel Islands,CHI,2021,11735662220.0
Chile,CHL,2017,276000000000.0
Chile,CHL,2018,295000000000.0
Chile,CHL,2019,278000000000.0
Chile,CHL,2020,254000000000.0
Chile,CHL,2021,317000000000.0
Chile,CHL,2022,301000000000.0
China,CHN,2017,12300000000000.0
China,CHN,2018,13900000000000.0
China,CHN,2019,14300000000000.0
China,CHN,2020,14700000000000.0
China,CHN,2021,17800000000000.0
China,CHN,2022,18000000000000.0
Colombia,COL,2017,312000000000.0
Colombia,COL,2018,334000000000.0
Colombia,COL,2019,323000000000.0
Colombia,COL,2020,270000000000.0
Colombia,COL,2021,319000000000.0
Colombia,COL,2022,344000000000.0
Comoros,COM,2017,1077439756.0
Comoros,COM,2018,1188797450.0
Comoros,COM,2019,1195019531.0
Comoros,COM,2020,1225039196.0
Comoros,COM,2021,1296089479.0
Comoros,COM,2022,1242519407.0
"Congo, Dem. Rep.",COD,2017,38019264805.0
"Congo, Dem. Rep.",COD,2018,47568210021.0
"Congo, Dem. Rep.",COD,2019,51775829869.0
"Congo, Dem. Rep.",COD,2020,48716961865.0
"Congo, Dem. Rep.",COD,2021,55350968593.0
"Congo, Dem. Rep.",COD,2022,58065953573.0
"Congo, Rep.",COG,2017,11094823677.0
"Congo, Rep.",COG,2018,13670038020.0
"Congo, Rep.",COG,2019,12750338736.0
"Congo, Rep.",COG,2020,10483151094.0
"Congo, Rep.",COG,2021,13366230821.0
"Congo, Rep.",COG,2022,14615532210.0
Costa Rica,CRI,2017,60516044623.0
Costa Rica,CRI,2018,62420164965.0
Costa Rica,CRI,2019,64417670556.0
Costa Rica,CRI,2020,62395610764.0
Costa Rica,CRI,2021,64616482168.0
Costa Rica,CRI,2022,68380838316.0
Cote d'Ivoire,CIV,2017,52512344034.0
Cote d'Ivoire,CIV,2018,58522477745.0
Cote d'Ivoire,CIV,2019,59898479821.0
Cote d'Ivoire,CIV,2020,62982768372.0
Cote d'Ivoire,CIV,2021,71811075955.0
Cote d'Ivoire,CIV,2022,70018715017.0
Croatia,HRV,2017,55937483558.0
Croatia,HRV,2018,61330483610.0
Croatia,HRV,2019,61329267533.0
Croatia,HRV,2020,57624938982.0
Croatia,HRV,2021,68843674641.0
Croatia,HRV,2022,70964606465.0
Cuba,CUB,2017,96851000000.0
Cuba,CUB,2018,100000000000.0
Cuba,CUB,2019,103000000000.0
Cuba,CUB,2020,107000000000.0
Curacao,CUW,2017,3009497207.0
Curacao,CUW,2018,3020388827.0
Curacao,CUW,2019,2995185475.0
Curacao,CUW,2020,2496174749.0
Curacao,CUW,2021,2699612458.0
Cyprus,CYP,2017,22946583376.0
Cyprus,CYP,2018,25597301191.0
Cyprus,CYP,2019,25945194240.0
Cyprus,CYP,2020,25008266159.0
Cyprus,CYP,2021,28408064462.0
Cyprus,CYP,2022,28439052741.0
Czechia,CZE,2017,219000000000.0
Czechia,CZE,2018,249000000000.0
Czechia,CZE,2019,253000000000.0
Czechia,CZE,2020,246000000000.0
Czechia,CZE,2021,282000000000.0
Czechia,CZE,2022,291000000000.0
Denmark,DNK,2017,332000000000.0
Denmark,DNK,2018,357000000000.0
Denmark,DNK,2019,346000000000.0
Denmark,DNK,2020,355000000000.0
Denmark,DNK,2021,398000000000.0
Denmark,DNK,2022,395000000000.0
Djibouti,DJI,2017,2762581334.0
Djibouti,DJI,2018,2913466732.0
Djibouti,DJI,2019,3088853639.0
Djibouti,DJI,2020,3181071154.0
Djibouti,DJI,2021,3372287462.0
Djibouti,DJI,2022,3515109075.0
Dominica,DMA,2017,521551851.9
Dominica,DMA,2018,554770370.4
Dominica,DMA,2019,611537037.0
Dominica,DMA,2020,504214814.8
Dominica,DMA,2021,555266666.7
Dominica,DMA,2022,612048148.1
Dominican Republic,DOM,2017,79998045976.0
Dominican Republic,DOM,2018,85555390386.0
Dominican Republic,DOM,2019,88941371980.0
Dominican Republic,DOM,2020,78844655833.0
Dominican Republic,DOM,2021,94243426487.0
Dominican Republic,DOM,2022,114000000000.0
East Asia & Pacific,EAS,2017,24300000000000.0
East Asia & Pacific,EAS,2018,26500000000000.0
East Asia & Pacific,EAS,2019,27000000000000.0
East Asia & Pacific,EAS,2020,27100000000000.0
East Asia & Pacific,EAS,2021,31100000000000.0
East Asia & Pacific,EAS,2022,30700000000000.0
East Asia & Pacific (IDA & IBRD countries),TEA,2017,14900000000000.0
East Asia & Pacific (IDA & IBRD countries),TEA,2018,16600000000000.0
East Asia & Pacific (IDA & IBRD countries),TEA,2019,17200000000000.0
East Asia & Pacific (IDA & IBRD countries),TEA,2020,17500000000000.0
East Asia & Pacific (IDA & IBRD countries),TEA,2021,20800000000000.0
East Asia & Pacific (IDA & IBRD countries),TEA,2022,21200000000000.0
Ecuador,ECU,2017,104000000000.0
Ecuador,ECU,2018,108000000000.0
Ecuador,ECU,2019,108000000000.0
Ecuador,ECU,2020,99291124000.0
Ecuador,ECU,2021,106000000000.0
Ecuador,ECU,2022,115000000000.0
"Egypt, Arab Rep.",EGY,2017,248000000000.0
"Egypt, Arab Rep.",EGY,2018,263000000000.0
"Egypt, Arab Rep.",EGY,2019,319000000000.0
"Egypt, Arab Rep.",EGY,2020,384000000000.0
"Egypt, Arab Rep.",EGY,2021,425000000000.0
"Egypt, Arab Rep.",EGY,2022,477000000000.0
El Salvador,SLV,2017,24979190000.0
El Salvador,SLV,2018,26020850000.0
El Salvador,SLV,2019,26881140000.0
El Salvador,SLV,2020,24930080000.0
El Salvador,SLV,2021,29451240000.0
El Salvador,SLV,2022,32488720000.0
Equatorial Guinea,GNQ,2017,12200913888.0
Equatorial Guinea,GNQ,2018,13097012124.0
Equatorial Guinea,GNQ,2019,11364133546.0
Equatorial Guinea,GNQ,2020,10099157996.0
Equatorial Guinea,GNQ,2021,12269393392.0
Equatorial Guinea,GNQ,2022,11813908448.0
Estonia,EST,2017,26924385103.0
Estonia,EST,2018,30624720196.0
Estonia,EST,2019,31081901909.0
Estonia,EST,2020,31370395573.0
Estonia,EST,2021,37191166152.0
Estonia,EST,2022,38100812959.0
Eswatini,SWZ,2017,4402969226.0
Eswatini,SWZ,2018,4666598024.0
Eswatini,SWZ,2019,4466214522.0
Eswatini,SWZ,2020,3982236726.0
Eswatini,SWZ,2021,4748702401.0
Eswatini,SWZ,2022,4854167638.0
Ethiopia,ETH,2017,81770886909.0
Ethiopia,ETH,2018,84269196152.0
Ethiopia,ETH,2019,95912607970.0
Ethiopia,ETH,2020,108000000000.0
Ethiopia,ETH,2021,111000000000.0
Ethiopia,ETH,2022,127000000000.0
Euro area,EMU,2017,12700000000000.0
Euro area,EMU,2018,13700000000000.0
Euro area,EMU,2019,13400000000000.0
Euro area,EMU,2020,13100000000000.0
Euro area,EMU,2021,14600000000000.0
Euro area,EMU,2022,14000000000000.0
Europe & Central Asia,ECS,2017,21700000000000.0
Europe & Central Asia,ECS,2018,23200000000000.0
Europe & Central Asia,ECS,2019,22900000000000.0
Europe & Central Asia,ECS,2020,22200000000000.0
Europe & Central Asia,ECS,2021,25200000000000.0
Europe & Central Asia,ECS,2022,25200000000000.0
Europe & Central Asia (IDA & IBRD countries),TEC,2017,3910000000000.0
Europe & Central Asia (IDA & IBRD countries),TEC,2018,4080000000000.0
Europe & Central Asia (IDA & IBRD countries),TEC,2019,4160000000000.0
Europe & Central Asia (IDA & IBRD countries),TEC,2020,3900000000000.0
Europe & Central Asia (IDA & IBRD countries),TEC,2021,4620000000000.0
Europe & Central Asia (IDA & IBRD countries),TEC,2022,5190000000000.0
European Union,EUU,2017,14800000000000.0
European Union,EUU,2018,16000000000000.0
European Union,EUU,2019,15700000000000.0
European Union,EUU,2020,15400000000000.0
European Union,EUU,2021,17200000000000.0
European Union,EUU,2022,16600000000000.0
Faroe Islands,FRO,2017,2980057168.0
Faroe Islands,FRO,2018,3188601035.0
Faroe Islands,FRO,2019,3275684065.0
Faroe Islands,FRO,2020,3248670978.0
Faroe Islands,FRO,2021,3649878680.0
Fiji,FJI,2017,5353468388.0
Fiji,FJI,2018,5581425891.0
Fiji,FJI,2019,5481692622.0
Fiji,FJI,2020,4477030180.0
Fiji,FJI,2021,4296235428.0
Fiji,FJI,2022,4943248200.0
Finland,FIN,2017,256000000000.0
Finland,FIN,2018,276000000000.0
Finland,FIN,2019,269000000000.0
Finland,FIN,2020,272000000000.0
Finland,FIN,2021,296000000000.0
Finland,FIN,2022,281000000000.0
Fragile and conflict affected situations,FCS,2017,1650000000000.0
Fragile and conflict affected situations,FCS,2018,1730000000000.0
Fragile and conflict affected situations,FCS,2019,1830000000000.0
Fragile and conflict affected situations,FCS,2020,1660000000000.0
Fragile and conflict affected situations,FCS,2021,1780000000000.0
Fragile and conflict affected situations,FCS,2022,1890000000000.0
France,FRA,2017,2600000000000.0
France,FRA,2018,2790000000000.0
France,FRA,2019,2730000000000.0
France,FRA,2020,2640000000000.0
France,FRA,2021,2960000000000.0
France,FRA,2022,2780000000000.0
French Polynesia,PYF,2017,5833352684.0
French Polynesia,PYF,2018,6135116261.0
French Polynesia,PYF,2019,6022276207.0
French Polynesia,PYF,2020,5731835679.0
French Polynesia,PYF,2021,6080359305.0
Gabon,GAB,2017,14929487496.0
Gabon,GAB,2018,16867326390.0
Gabon,GAB,2019,16874405460.0
Gabon,GAB,2020,15314577168.0
Gabon,GAB,2021,20217946921.0
Gabon,GAB,2022,21071739228.0
"Gambia, The",GMB,2017,1504909448.0
"Gambia, The",GMB,2018,1670671340.0
"Gambia, The",GMB,2019,1813609679.0
"Gambia, The",GMB,2020,1812170878.0
"Gambia, The",GMB,2021,2038414974.0
"Gambia, The",GMB,2022,2273060863.0
Georgia,GEO,2017,16242647230.0
Georgia,GEO,2018,17596922470.0
Georgia,GEO,2019,17470436259.0
Georgia,GEO,2020,15842922533.0
Georgia,GEO,2021,18629365612.0
Georgia,GEO,2022,24605375420.0
Germany,DEU,2017,3690000000000.0
Germany,DEU,2018,3970000000000.0
Germany,DEU,2019,3890000000000.0
Germany,DEU,2020,3890000000000.0
Germany,DEU,2021,4260000000000.0
Germany,DEU,2022,4070000000000.0
Ghana,GHA,2017,60405920071.0
Ghana,GHA,2018,67298913752.0
Ghana,GHA,2019,68337974419.0
Ghana,GHA,2020,70043095503.0
Ghana,GHA,2021,79156409410.0
Ghana,GHA,2022,72838798788.0
Greece,GRC,2017,200000000000.0
Greece,GRC,2018,212000000000.0
Greece,GRC,2019,205000000000.0
Greece,GRC,2020,189000000000.0
Greece,GRC,2021,215000000000.0
Greece,GRC,2022,219000000000.0
Greenland,GRL,2017,2851610656.0
Greenland,GRL,2018,3055791341.0
Greenland,GRL,2019,2997331094.0
Greenland,GRL,2020,3082909158.0
Greenland,GRL,2021,3235816195.0
Grenada,GRD,2017,1125685185.0
Grenada,GRD,2018,1166514815.0
Grenada,GRD,2019,1213485185.0
Grenada,GRD,2020,1043411111.0
Grenada,GRD,2021,1122800000.0
Grenada,GRD,2022,1256413185.0
Guam,GUM,2017,6013000000.0
Guam,GUM,2018,6056000000.0
Guam,GUM,2019,6366000000.0
Guam,GUM,2020,5886000000.0
Guam,GUM,2021,6123000000.0
Guatemala,GTM,2017,71653756504.0
Guatemala,GTM,2018,73328369926.0
Guatemala,GTM,2019,77172313916.0
Guatemala,GTM,2020,77715183063.0
Guatemala,GTM,2021,86053079767.0
Guatemala,GTM,2022,95003333381.0
Guinea,GIN,2017,10324668271.0
Guinea,GIN,2018,11857030366.0
Guinea,GIN,2019,13442861497.0
Guinea,GIN,2020,14177835841.0
Guinea,GIN,2021,16091817842.0
Guinea,GIN,2022,21227749389.0
Guinea-Bissau,GNB,2017,1350177012.0
Guinea-Bissau,GNB,2018,1504630234.0
Guinea-Bissau,GNB,2019,1439638411.0
Guinea-Bissau,GNB,2020,1431758232.0
Guinea-Bissau,GNB,2021,1638517607.0
Guinea-Bissau,GNB,2022,1633559092.0
Guyana,GUY,2017,4748174334.0
Guyana,GUY,2018,4787637006.0
Guyana,GUY,2019,5173760192.0
Guyana,GUY,2020,5471256595.0
Guyana,GUY,2021,8044498801.0
Guyana,GUY,2022,15357537068.0
Haiti,HTI,2017,15093357143.0
Haiti,HTI,2018,16403864521.0
Haiti,HTI,2019,15016090930.0
Haiti,HTI,2020,14508222518.0
Haiti,HTI,2021,20877414952.0
Haiti,HTI,2022,20253551885.0
Honduras,HND,2017,23136248046.0
Honduras,HND,2018,24067750466.0
Honduras,HND,2019,25089937109.0
Honduras,HND,2020,23827859695.0
Honduras,HND,2021,28488721296.0
Honduras,HND,2022,31717700115.0
"Hong Kong SAR, China",HKG,2017,341000000000.0
"Hong Kong SAR, China",HKG,2018,362000000000.0
"Hong Kong SAR, China",HKG,2019,363000000000.0
"Hong Kong SAR, China",HKG,2020,345000000000.0
"Hong Kong SAR, China",HKG,2021,369000000000.0
"Hong Kong SAR, China",HKG,2022,360000000000.0
Hungary,HUN,2017,143000000000.0
Hungary,HUN,2018,161000000000.0
Hungary,HUN,2019,164000000000.0
Hungary,HUN,2020,157000000000.0
Hungary,HUN,2021,182000000000.0
Hungary,HUN,2022,179000000000.0
Iceland,ISL,2017,24728285177.0
Iceland,ISL,2018,26260850582.0
Iceland,ISL,2019,24663643102.0
Iceland,ISL,2020,21553080484.0
Iceland,ISL,2021,25552639899.0
Iceland,ISL,2022,27841648044.0
IDA total,IDA,2017,2290000000000.0
IDA total,IDA,2018,2370000000000.0
IDA total,IDA,2019,2460000000000.0
IDA total,IDA,2020,2410000000000.0
IDA total,IDA,2021,2630000000000.0
IDA total,IDA,2022,2810000000000.0
India,IND,2017,2650000000000.0
India,IND,2018,2700000000000.0
India,IND,2019,2840000000000.0
India,IND,2020,2670000000000.0
India,IND,2021,3150000000000.0
India,IND,2022,3390000000000.0
Indonesia,IDN,2017,1020000000000.0
Indonesia,IDN,2018,1040000000000.0
Indonesia,IDN,2019,1120000000000.0
Indonesia,IDN,2020,1060000000000.0
Indonesia,IDN,2021,1190000000000.0
Indonesia,IDN,2022,1320000000000.0
"Iran, Islamic Rep.",IRN,2017,487000000000.0
"Iran, Islamic Rep.",IRN,2018,328000000000.0
"Iran, Islamic Rep.",IRN,2019,284000000000.0
"Iran, Islamic Rep.",IRN,2020,240000000000.0
"Iran, Islamic Rep.",IRN,2021,359000000000.0
"Iran, Islamic Rep.",IRN,2022,389000000000.0
Iraq,IRQ,2017,187000000000.0
Iraq,IRQ,2018,227000000000.0
Iraq,IRQ,2019,234000000000.0
Iraq,IRQ,2020,181000000000.0
Iraq,IRQ,2021,208000000000.0
Iraq,IRQ,2022,264000000000.0
Ireland,IRL,2017,336000000000.0
Ireland,IRL,2018,386000000000.0
Ireland,IRL,2019,399000000000.0
Ireland,IRL,2020,426000000000.0
Ireland,IRL,2021,504000000000.0
Ireland,IRL,2022,529000000000.0
Isle of Man,IMN,2017,6979791187.0
Isle of Man,IMN,2018,7491654051.0
Isle of Man,IMN,2019,7314966839.0
Isle of Man,IMN,2020,6684229269.0
Israel,ISR,2017,358000000000.0
Israel,ISR,2018,377000000000.0
Israel,ISR,2019,402000000000.0
Israel,ISR,2020,413000000000.0
Israel,ISR,2021,489000000000.0
Israel,ISR,2022,522000000000.0
Italy,ITA,2017,1960000000000.0
Italy,ITA,2018,2090000000000.0
Italy,ITA,2019,2010000000000.0
Italy,ITA,2020,1900000000000.0
Italy,ITA,2021,2110000000000.0
Italy,ITA,2022,2010000000000.0
Jamaica,JAM,2017,14808984881.0
Jamaica,JAM,2018,15730791526.0
Jamaica,JAM,2019,15830766372.0
Jamaica,JAM,2020,13812421859.0
Jamaica,JAM,2021,14657586359.0
Jamaica,JAM,2022,17097760745.0
Japan,JPN,2017,4930000000000.0
Japan,JPN,2018,5040000000000.0
Japan,JPN,2019,5120000000000.0
Japan,JPN,2020,5050000000000.0
Japan,JPN,2021,5010000000000.0
Japan,JPN,2022,4230000000000.0
Jordan,JOR,2017,41608435915.0
Jordan,JOR,2018,43370860704.0
Jordan,JOR,2019,44503005775.0
Jordan,JOR,2020,43579916197.0
Jordan,JOR,2021,45116317042.0
Jordan,JOR,2022,47451499859.0
Kazakhstan,KAZ,2017,167000000000.0
Kazakhstan,KAZ,2018,179000000000.0
Kazakhstan,KAZ,2019,182000000000.0
Kazakhstan,KAZ,2020,171000000000.0
Kazakhstan,KAZ,2021,197000000000.0
Kazakhstan,KAZ,2022,221000000000.0
Kenya,KEN,2017,82036511259.0
Kenya,KEN,2018,92202979941.0
Kenya,KEN,2019,100000000000.0
Kenya,KEN,2020,101000000000.0
Kenya,KEN,2021,110000000000.0
Kenya,KEN,2022,113000000000.0
Kiribati,KIR,2017,188540699.1
Kiribati,KIR,2018,196501504.2
Kiribati,KIR,2019,175181684.8
Kiribati,KIR,2020,177553260.1
Kiribati,KIR,2021,227610034.8
Kiribati,KIR,2022,223352943.2
"Korea, Rep.",KOR,2017,1620000000000.0
"Korea, Rep.",KOR,2018,1720000000000.0
"Korea, Rep.",KOR,2019,1650000000000.0
"Korea, Rep.",KOR,2020,1640000000000.0
"Korea, Rep.",KOR,2021,1810000000000.0
"Korea, Rep.",KOR,2022,1670000000000.0
Kosovo,XKX,2017,7180768692.0
Kosovo,XKX,2018,7878762812.0
Kosovo,XKX,2019,7899741279.0
Kosovo,XKX,2020,7717143395.0
Kosovo,XKX,2021,9412034299.0
Kosovo,XKX,2022,9429156202.0
Kuwait,KWT,2017,121000000000.0
Kuwait,KWT,2018,138000000000.0
Kuwait,KWT,2019,136000000000.0
Kuwait,KWT,2020,106000000000.0
Kuwait,KWT,2021,137000000000.0
Kuwait,KWT,2022,185000000000.0
Kyrgyz Republic,KGZ,2017,7702938395.0
Kyrgyz Republic,KGZ,2018,8271106196.0
Kyrgyz Republic,KGZ,2019,8871019823.0
Kyrgyz Republic,KGZ,2020,7780873259.0
Kyrgyz Republic,KGZ,2021,8740681889.0
Kyrgyz Republic,KGZ,2022,10930644915.0
Lao PDR,LAO,2017,17071162084.0
Lao PDR,LAO,2018,18141651381.0
Lao PDR,LAO,2019,18740559554.0
Lao PDR,LAO,2020,18981800705.0
Lao PDR,LAO,2021,18827148530.0
Lao PDR,LAO,2022,15724383783.0
Latin America & Caribbean,LCN,2017,5830000000000.0
Latin America & Caribbean,LCN,2018,5710000000000.0
Latin America & Caribbean,LCN,2019,5620000000000.0
Latin America & Caribbean,LCN,2020,4780000000000.0
Latin America & Caribbean,LCN,2021,5510000000000.0
Latin America & Caribbean,LCN,2022,6250000000000.0
Latin America & the Caribbean (IDA & IBRD countries),TLA,2017,5590000000000.0
Latin America & the Caribbean (IDA & IBRD countries),TLA,2018,5460000000000.0
Latin America & the Caribbean (IDA & IBRD countries),TLA,2019,5370000000000.0
Latin America & the Caribbean (IDA & IBRD countries),TLA,2020,4530000000000.0
Latin America & the Caribbean (IDA & IBRD countries),TLA,2021,5240000000000.0
Latin America & the Caribbean (IDA & IBRD countries),TLA,2022,5950000000000.0
Latvia,LVA,2017,30483806018.0
Latvia,LVA,2018,34429023435.0
Latvia,LVA,2019,34343961073.0
Latvia,LVA,2020,34601740323.0
Latvia,LVA,2021,39725383601.0
Latvia,LVA,2022,41153912663.0
Lebanon,LBN,2017,53027680686.0
Lebanon,LBN,2018,54901519156.0
Lebanon,LBN,2019,51605959131.0
Lebanon,LBN,2020,31712128254.0
Lebanon,LBN,2021,23131941557.0
Lesotho,LSO,2017,2306741599.0
Lesotho,LSO,2018,2556247156.0
Lesotho,LSO,2019,2436029588.0
Lesotho,LSO,2020,2117736528.0
Lesotho,LSO,2021,2373416269.0
Lesotho,LSO,2022,2553459763.0
Liberia,LBR,2017,3390703400.0
Liberia,LBR,2018,3422754800.0
Liberia,LBR,2019,3319596500.0
Liberia,LBR,2020,3039982500.0
Liberia,LBR,2021,3509000000.0
Liberia,LBR,2022,4001047150.0
Libya,LBY,2017,67157451660.0
Libya,LBY,2018,76686048499.0
Libya,LBY,2019,69254143968.0
Libya,LBY,2020,46808208747.0
Libya,LBY,2021,39798423941.0
Libya,LBY,2022,45752336036.0
Liechtenstein,LIE,2017,6474310910.0
Liechtenstein,LIE,2018,6692618411.0
Liechtenstein,LIE,2019,6436467007.0
Liechtenstein,LIE,2020,6405765970.0
Liechtenstein,LIE,2021,7186428783.0
Lithuania,LTU,2017,47758736932.0
Lithuania,LTU,2018,53751411409.0
Lithuania,LTU,2019,54760617013.0
Lithuania,LTU,2020,56914826861.0
Lithuania,LTU,2021,66414994992.0
Lithuania,LTU,2022,70334299008.0
Luxembourg,LUX,2017,65712180343.0
Luxembourg,LUX,2018,71000359760.0
Luxembourg,LUX,2019,69825641851.0
Luxembourg,LUX,2020,73992591285.0
Luxembourg,LUX,2021,85506243834.0
Luxembourg,LUX,2022,82274812251.0
"Macao SAR, China",MAC,2017,50440935654.0
"Macao SAR, China",MAC,2018,55284309690.0
"Macao SAR, China",MAC,2019,55204961000.0
"Macao SAR, China",MAC,2020,25459685020.0
"Macao SAR, China",MAC,2021,30123795337.0
"Macao SAR, China",MAC,2022,21979475561.0
Madagascar,MDG,2017,13176313594.0
Madagascar,MDG,2018,13760033283.0
Madagascar,MDG,2019,14104664678.0
Madagascar,MDG,2020,13051441203.0
Madagascar,MDG,2021,14554754115.0
Madagascar,MDG,2022,14954967604.0
Malawi,MWI,2017,8943543677.0
Malawi,MWI,2018,9880675786.0
Malawi,MWI,2019,11025371147.0
Malawi,MWI,2020,12056108780.0
Malawi,MWI,2021,12602334124.0
Malawi,MWI,2022,13164667627.0
Malaysia,MYS,2017,319000000000.0
Malaysia,MYS,2018,359000000000.0
Malaysia,MYS,2019,365000000000.0
Malaysia,MYS,2020,337000000000.0
Malaysia,MYS,2021,373000000000.0
Malaysia,MYS,2022,406000000000.0
Maldives,MDV,2017,4754185599.0
Maldives,MDV,2018,5300949823.0
Maldives,MDV,2019,5609385434.0
Maldives,MDV,2020,3746329358.0
Maldives,MDV,2021,5405557162.0
Maldives,MDV,2022,6189865408.0
Mali,MLI,2017,15365713059.0
Mali,MLI,2018,17070867578.0
Mali,MLI,2019,17280250805.0
Mali,MLI,2020,17465392779.0
Mali,MLI,2021,19309463506.0
Mali,MLI,2022,18827176532.0
Malta,MLT,2017,13489296992.0
Malta,MLT,2018,15298004130.0
Malta,MLT,2019,15881258056.0
Malta,MLT,2020,15046136935.0
Malta,MLT,2021,17743376199.0
Malta,MLT,2022,17765270015.0
Marshall Islands,MHL,2017,212701200.0
Marshall Islands,MHL,2018,219330300.0
Marshall Islands,MHL,2019,232092300.0
Marshall Islands,MHL,2020,241722400.0
Marshall Islands,MHL,2021,259538700.0
Marshall Islands,MHL,2022,279667900.0
Mauritania,MRT,2017,6800138755.0
Mauritania,MRT,2018,7473550557.0
Mauritania,MRT,2019,8066118984.0
Mauritania,MRT,2020,8405498736.0
Mauritania,MRT,2021,9996240419.0
Mauritania,MRT,2022,10375460680.0
Mauritius,MUS,2017,13713505998.0
Mauritius,MUS,2018,14735695931.0
Mauritius,MUS,2019,14436347115.0
Mauritius,MUS,2020,11401040996.0
Mauritius,MUS,2021,11476433604.0
Mauritius,MUS,2022,12898307089.0
Mexico,MEX,2017,1160000000000.0
Mexico,MEX,2018,1220000000000.0
Mexico,MEX,2019,1270000000000.0
Mexico,MEX,2020,1090000000000.0
Mexico,MEX,2021,1270000000000.0
Mexico,MEX,2022,1410000000000.0
"Micronesia, Fed. Sts.",FSM,2017,366666800.0
"Micronesia, Fed. Sts.",FSM,2018,401932300.0
"Micronesia, Fed. Sts.",FSM,2019,412000000.0
"Micronesia, Fed. Sts.",FSM,2020,408000000.0
"Micronesia, Fed. Sts.",FSM,2021,404028900.0
"Micronesia, Fed. Sts.",FSM,2022,427094119.1
Middle East & North Africa,MEA,2017,3350000000000.0
Middle East & North Africa,MEA,2018,3520000000000.0
Middle East & North Africa,MEA,2019,3520000000000.0
Middle East & North Africa,MEA,2020,3160000000000.0
Middle East & North Africa,MEA,2021,3740000000000.0
Middle East & North Africa,MEA,2022,4410000000000.0
Middle East & North Africa (IDA & IBRD countries),TMN,2017,1460000000000.0
Middle East & North Africa (IDA & IBRD countries),TMN,2018,1380000000000.0
Middle East & North Africa (IDA & IBRD countries),TMN,2019,1390000000000.0
Middle East & North Africa (IDA & IBRD countries),TMN,2020,1270000000000.0
Middle East & North Africa (IDA & IBRD countries),TMN,2021,1490000000000.0
Middle East & North Africa (IDA & IBRD countries),TMN,2022,1660000000000.0
Moldova,MDA,2017,9519053158.0
Moldova,MDA,2018,11253727815.0
Moldova,MDA,2019,11735774634.0
Moldova,MDA,2020,11531967881.0
Moldova,MDA,2021,13692230147.0
Moldova,MDA,2022,14420947884.0
Monaco,MCO,2017,6431274938.0
Monaco,MCO,2018,7194256778.0
Monaco,MCO,2019,7383941919.0
Monaco,MCO,2020,6739642360.0
Monaco,MCO,2021,8596156574.0
Mongolia,MNG,2017,11480847740.0
Mongolia,MNG,2018,13178094720.0
Mongolia,MNG,2019,14206359016.0
Mongolia,MNG,2020,13312981427.0
Mongolia,MNG,2021,15286441740.0
Mongolia,MNG,2022,16810883361.0
Montenegro,MNE,2017,4856602179.0
Montenegro,MNE,2018,5506944403.0
Montenegro,MNE,2019,5542053845.0
Montenegro,MNE,2020,4769995512.0
Montenegro,MNE,2021,5861430526.0
Montenegro,MNE,2022,6095978868.0
Morocco,MAR,2017,119000000000.0
Morocco,MAR,2018,127000000000.0
Morocco,MAR,2019,129000000000.0
Morocco,MAR,2020,121000000000.0
Morocco,MAR,2021,143000000000.0
Morocco,MAR,2022,134000000000.0
Mozambique,MOZ,2017,13219079498.0
Mozambique,MOZ,2018,14845400593.0
Mozambique,MOZ,2019,15390031040.0
Mozambique,MOZ,2020,14156864916.0
Mozambique,MOZ,2021,15776757420.0
Mozambique,MOZ,2022,17851491428.0
Myanmar,MMR,2017,61449391917.0
Myanmar,MMR,2018,67144726168.0
Myanmar,MMR,2019,68697761477.0
Myanmar,MMR,2020,78930259069.0
Myanmar,MMR,2021,65124769602.0
Myanmar,MMR,2022,59364362541.0
Namibia,NAM,2017,12895153160.0
Namibia,NAM,2018,13682019172.0
Namibia,NAM,2019,12541928103.0
Namibia,NAM,2020,10583748757.0
Namibia,NAM,2021,12446290855.0
Namibia,NAM,2022,12607436976.0
Nauru,NRU,2017,109355653.7
Nauru,NRU,2018,130995580.1
Nauru,NRU,2019,125160081.8
Nauru,NRU,2020,124685686.6
Nauru,NRU,2021,145536603.2
Nauru,NRU,2022,150922211.0
Nepal,NPL,2017,28971588881.0
Nepal,NPL,2018,33111525183.0
Nepal,NPL,2019,34186180695.0
Nepal,NPL,2020,33433659223.0
Nepal,NPL,2021,36924841430.0
Nepal,NPL,2022,40828247302.0
Netherlands,NLD,2017,834000000000.0
Netherlands,NLD,2018,914000000000.0
Netherlands,NLD,2019,910000000000.0
Netherlands,NLD,2020,910000000000.0
Netherlands,NLD,2021,1010000000000.0
Netherlands,NLD,2022,991000000000.0
New Caledonia,NCL,2017,9173670000.0
New Caledonia,NCL,2018,9896402295.0
New Caledonia,NCL,2019,9475655342.0
New Caledonia,NCL,2020,9454629451.0
New Caledonia,NCL,2021,10071349707.0
New Zealand,NZL,2017,207000000000.0
New Zealand,NZL,2018,212000000000.0
New Zealand,NZL,2019,213000000000.0
New Zealand,NZL,2020,213000000000.0
New Zealand,NZL,2021,256000000000.0
New Zealand,NZL,2022,247000000000.0
Nicaragua,NIC,2017,13785890939.0
Nicaragua,NIC,2018,13025266513.0
Nicaragua,NIC,2019,12699028890.0
Nicaragua,NIC,2020,12678162359.0
Nicaragua,NIC,2021,14145852101.0
Nicaragua,NIC,2022,15671583878.0
Niger,NER,2017,11185101444.0
Niger,NER,2018,12808661487.0
Niger,NER,2019,12916454871.0
Niger,NER,2020,13744174582.0
Niger,NER,2021,14915002098.0
Niger,NER,2022,13969605583.0
Nigeria,NGA,2017,376000000000.0
Nigeria,NGA,2018,422000000000.0
Nigeria,NGA,2019,475000000000.0
Nigeria,NGA,2020,432000000000.0
Nigeria,NGA,2021,441000000000.0
Nigeria,NGA,2022,477000000000.0
North America,NAC,2017,21100000000000.0
North America,NAC,2018,22300000000000.0
North America,NAC,2019,23100000000000.0
North America,NAC,2020,22700000000000.0
North America,NAC,2021,25300000000000.0
North America,NAC,2022,27600000000000.0
North Macedonia,MKD,2017,11307067001.0
North Macedonia,MKD,2018,12683068033.0
North Macedonia,MKD,2019,12606338449.0
North Macedonia,MKD,2020,12363580535.0
North Macedonia,MKD,2021,13825049832.0
North Macedonia,MKD,2022,13563132057.0
Northern Mariana Islands,MNP,2017,1560000000.0
Northern Mariana Islands,MNP,2018,1301000000.0
Northern Mariana Islands,MNP,2019,1181000000.0
Northern Mariana Islands,MNP,2020,858000000.0
Norway,NOR,2017,402000000000.0
Norway,NOR,2018,440000000000.0
Norway,NOR,2019,409000000000.0
Norway,NOR,2020,368000000000.0
Norway,NOR,2021,490000000000.0
Norway,NOR,2022,579000000000.0
Oman,OMN,2017,80856697009.0
Oman,OMN,2018,91505851756.0
Oman,OMN,2019,88060858257.0
Oman,OMN,2020,75909397659.0
Oman,OMN,2021,88191977373.0
Oman,OMN,2022,115000000000.0
Pakistan,PAK,2017,339000000000.0
Pakistan,PAK,2018,356000000000.0
Pakistan,PAK,2019,321000000000.0
Pakistan,PAK,2020,300000000000.0
Pakistan,PAK,2021,348000000000.0
Pakistan,PAK,2022,377000000000.0
Palau,PLW,2017,285600000.0
Palau,PLW,2018,284900000.0
Palau,PLW,2019,278900000.0
Palau,PLW,2020,251900000.0
Palau,PLW,2021,217800000.0
Panama,PAN,2017,62202700000.0
Panama,PAN,2018,67294169235.0
Panama,PAN,2019,69721787533.0
Panama,PAN,2020,57086836942.0
Panama,PAN,2021,67406738052.0
Panama,PAN,2022,76522511781.0
Papua New Guinea,PNG,2017,22742696408.0
Papua New Guinea,PNG,2018,24109780113.0
Papua New Guinea,PNG,2019,24751069238.0
Papua New Guinea,PNG,2020,23848442440.0
Papua New Guinea,PNG,2021,26311656000.0
Papua New Guinea,PNG,2022,30633444295.0
Paraguay,PRY,2017,38997129809.0
Paraguay,PRY,2018,40225448651.0
Paraguay,PRY,2019,37925338460.0
Paraguay,PRY,2020,35432177936.0
Paraguay,PRY,2021,39950899733.0
Paraguay,PRY,2022,41722295362.0
Peru,PER,2017,211000000000.0
Peru,PER,2018,223000000000.0
Peru,PER,2019,228000000000.0
Peru,PER,2020,202000000000.0
Peru,PER,2021,224000000000.0
Peru,PER,2022,243000000000.0
Philippines,PHL,2017,328000000000.0
Philippines,PHL,2018,347000000000.0
Philippines,PHL,2019,377000000000.0
Philippines,PHL,2020,362000000000.0
Philippines,PHL,2021,394000000000.0
Philippines,PHL,2022,404000000000.0
Poland,POL,2017,525000000000.0
Poland,POL,2018,589000000000.0
Poland,POL,2019,596000000000.0
Poland,POL,2020,599000000000.0
Poland,POL,2021,679000000000.0
Poland,POL,2022,688000000000.0
Portugal,PRT,2017,221000000000.0
Portugal,PRT,2018,242000000000.0
Portugal,PRT,2019,240000000000.0
Portugal,PRT,2020,229000000000.0
Portugal,PRT,2021,254000000000.0
Portugal,PRT,2022,252000000000.0
Puerto Rico,PRI,2017,103000000000.0
Puerto Rico,PRI,2018,101000000000.0
Puerto Rico,PRI,2019,105000000000.0
Puerto Rico,PRI,2020,103000000000.0
Puerto Rico,PRI,2021,106000000000.0
Puerto Rico,PRI,2022,113000000000.0
Qatar,QAT,2017,161000000000.0
Qatar,QAT,2018,183000000000.0
Qatar,QAT,2019,176000000000.0
Qatar,QAT,2020,144000000000.0
Qatar,QAT,2021,180000000000.0
Qatar,QAT,2022,237000000000.0
Romania,ROU,2017,210000000000.0
Romania,ROU,2018,243000000000.0
Romania,ROU,2019,251000000000.0
Romania,ROU,2020,251000000000.0
Romania,ROU,2021,285000000000.0
Romania,ROU,2022,301000000000.0
Russian Federation,RUS,2017,1570000000000.0
Russian Federation,RUS,2018,1660000000000.0
Russian Federation,RUS,2019,1690000000000.0
Russian Federation,RUS,2020,1490000000000.0
Russian Federation,RUS,2021,1840000000000.0
Russian Federation,RUS,2022,2240000000000.0
Rwanda,RWA,2017,9252833678.0
Rwanda,RWA,2018,9636510839.0
Rwanda,RWA,2019,10346675636.0
Rwanda,RWA,2020,10172925172.0
Rwanda,RWA,2021,11055281971.0
Rwanda,RWA,2022,13312796765.0
Samoa,WSM,2017,884844419.8
Samoa,WSM,2018,878448439.5
Samoa,WSM,2019,912950619.4
Samoa,WSM,2020,868898350.4
Samoa,WSM,2021,843850777.8
Samoa,WSM,2022,832421565.4
San Marino,SMR,2017,1528621195.0
San Marino,SMR,2018,1655354304.0
San Marino,SMR,2019,1616188702.0
San Marino,SMR,2020,1541247884.0
San Marino,SMR,2021,1855382833.0
Sao Tome and Principe,STP,2017,375614126.2
Sao Tome and Principe,STP,2018,412253809.7
Sao Tome and Principe,STP,2019,427425039.7
Sao Tome and Principe,STP,2020,472551023.6
Sao Tome and Principe,STP,2021,526653790.7
Sao Tome and Principe,STP,2022,546680341.6
Saudi Arabia,SAU,2017,715000000000.0
Saudi Arabia,SAU,2018,847000000000.0
Saudi Arabia,SAU,2019,839000000000.0
Saudi Arabia,SAU,2020,734000000000.0
Saudi Arabia,SAU,2021,869000000000.0
Saudi Arabia,SAU,2022,1110000000000.0
Senegal,SEN,2017,20996562959.0
Senegal,SEN,2018,23116701540.0
Senegal,SEN,2019,23403995985.0
Senegal,SEN,2020,24530513059.0
Senegal,SEN,2021,27569136728.0
Senegal,SEN,2022,27684430244.0
Serbia,SRB,2017,44179075779.0
Serbia,SRB,2018,50640662859.0
Serbia,SRB,2019,51514242776.0
Serbia,SRB,2020,53356484764.0
Serbia,SRB,2021,63082021206.0
Serbia,SRB,2022,63501748652.0
Seychelles,SYC,2017,1529773286.0
Seychelles,SYC,2018,1587813245.0
Seychelles,SYC,2019,1645090567.0
Seychelles,SYC,2020,1183515398.0
Seychelles,SYC,2021,1286687873.0
Seychelles,SYC,2022,1588406479.0
Sierra Leone,SLE,2017,3719443318.0
Sierra Leone,SLE,2018,4085114542.0
Sierra Leone,SLE,2019,4076578654.0
Sierra Leone,SLE,2020,4062906364.0
Sierra Leone,SLE,2021,4249234574.0
Sierra Leone,SLE,2022,3970343852.0
Singapore,SGP,2017,343000000000.0
Singapore,SGP,2018,377000000000.0
Singapore,SGP,2019,377000000000.0
Singapore,SGP,2020,348000000000.0
Singapore,SGP,2021,424000000000.0
Singapore,SGP,2022,467000000000.0
Sint Maarten (Dutch part),SXM,2017,1191620112.0
Sint Maarten (Dutch part),SXM,2018,1185474860.0
Sint Maarten (Dutch part),SXM,2019,1459776536.0
Sint Maarten (Dutch part),SXM,2020,1240279330.0
Sint Maarten (Dutch part),SXM,2021,1384636872.0
Sint Maarten (Dutch part),SXM,2022,1571564246.0
Slovak Republic,SVK,2017,95649966261.0
Slovak Republic,SVK,2018,106000000000.0
Slovak Republic,SVK,2019,106000000000.0
Slovak Republic,SVK,2020,107000000000.0
Slovak Republic,SVK,2021,119000000000.0
Slovak Republic,SVK,2022,115000000000.0
Slovenia,SVN,2017,48589100043.0
Slovenia,SVN,2018,54177882426.0
Slovenia,SVN,2019,54331588482.0
Slovenia,SVN,2020,53706800044.0
Slovenia,SVN,2021,61748586535.0
Slovenia,SVN,2022,62117768015.0
Solomon Islands,SLB,2017,1469789050.0
Solomon Islands,SLB,2018,1615478421.0
Solomon Islands,SLB,2019,1619154958.0
Solomon Islands,SLB,2020,1536145831.0
Solomon Islands,SLB,2021,1580303517.0
Solomon Islands,SLB,2022,1595710784.0
Somalia,SOM,2017,5609000000.0
Somalia,SOM,2018,5856000006.0
Somalia,SOM,2019,6485000000.0
Somalia,SOM,2020,6883000000.0
Somalia,SOM,2021,7628000011.0
Somalia,SOM,2022,8126105600.0
South Africa,ZAF,2017,381000000000.0
South Africa,ZAF,2018,404000000000.0
South Africa,ZAF,2019,389000000000.0
South Africa,ZAF,2020,338000000000.0
South Africa,ZAF,2021,419000000000.0
South Africa,ZAF,2022,406000000000.0
South Asia,SAS,2017,3430000000000.0
South Asia,SAS,2018,3530000000000.0
South Asia,SAS,2019,3660000000000.0
South Asia,SAS,2020,3490000000000.0
South Asia,SAS,2021,4060000000000.0
South Asia,SAS,2022,4360000000000.0
Spain,ESP,2017,1310000000000.0
Spain,ESP,2018,1420000000000.0
Spain,ESP,2019,1390000000000.0
Spain,ESP,2020,1280000000000.0
Spain,ESP,2021,1430000000000.0
Spain,ESP,2022,1400000000000.0
Sri Lanka,LKA,2017,94376237832.0
Sri Lanka,LKA,2018,94493871351.0
Sri Lanka,LKA,2019,89014978319.0
Sri Lanka,LKA,2020,84440535699.0
Sri Lanka,LKA,2021,88496535599.0
Sri Lanka,LKA,2022,74403578363.0
St. Kitts and Nevis,KNA,2017,1058944444.0
St. Kitts and Nevis,KNA,2018,1076922222.0
St. Kitts and Nevis,KNA,2019,1107844444.0
St. Kitts and Nevis,KNA,2020,884522222.2
St. Kitts and Nevis,KNA,2021,860844444.4
St. Kitts and Nevis,KNA,2022,961563259.3
St. Lucia,LCA,2017,1996703704.0
St. Lucia,LCA,2018,2057074074.0
St. Lucia,LCA,2019,2094185185.0
St. Lucia,LCA,2020,1516000000.0
St. Lucia,LCA,2021,1691259259.0
St. Lucia,LCA,2022,2065027556.0
St. Vincent and the Grenadines,VCT,2017,844039068.8
St. Vincent and the Grenadines,VCT,2018,884328180.5
St. Vincent and the Grenadines,VCT,2019,910765709.8
St. Vincent and the Grenadines,VCT,2020,869111852.8
St. Vincent and the Grenadines,VCT,2021,872226063.7
St. Vincent and the Grenadines,VCT,2022,948558503.1
Sub-Saharan Africa,SSF,2017,1710000000000.0
Sub-Saharan Africa,SSF,2018,1770000000000.0
Sub-Saharan Africa,SSF,2019,1820000000000.0
Sub-Saharan Africa,SSF,2020,1710000000000.0
Sub-Saharan Africa,SSF,2021,1930000000000.0
Sub-Saharan Africa,SSF,2022,2050000000000.0
Sub-Saharan Africa (IDA & IBRD countries),TSS,2017,1710000000000.0
Sub-Saharan Africa (IDA & IBRD countries),TSS,2018,1770000000000.0
Sub-Saharan Africa (IDA & IBRD countries),TSS,2019,1820000000000.0
Sub-Saharan Africa (IDA & IBRD countries),TSS,2020,1710000000000.0
Sub-Saharan Africa (IDA & IBRD countries),TSS,2021,1930000000000.0
Sub-Saharan Africa (IDA & IBRD countries),TSS,2022,2050000000000.0
Sudan,SDN,2017,130000000000.0
Sudan,SDN,2018,32333780383.0
Sudan,SDN,2019,32338079165.0
Sudan,SDN,2020,27034593750.0
Sudan,SDN,2021,34229513775.0
Sudan,SDN,2022,51662241775.0
Suriname,SUR,2017,3591679371.0
Suriname,SUR,2018,3996198760.0
Suriname,SUR,2019,4016040575.0
Suriname,SUR,2020,2911807496.0
Suriname,SUR,2021,2984706244.0
Suriname,SUR,2022,3620655116.0
Sweden,SWE,2017,541000000000.0
Sweden,SWE,2018,555000000000.0
Sweden,SWE,2019,534000000000.0
Sweden,SWE,2020,547000000000.0
Sweden,SWE,2021,637000000000.0
Sweden,SWE,2022,586000000000.0
Switzerland,CHE,2017,695000000000.0
Switzerland,CHE,2018,726000000000.0
Switzerland,CHE,2019,721000000000.0
Switzerland,CHE,2020,740000000000.0
Switzerland,CHE,2021,801000000000.0
Switzerland,CHE,2022,808000000000.0
Syrian Arab Republic,SYR,2017,16369724433.0
Syrian Arab Republic,SYR,2018,21496337968.0
Syrian Arab Republic,SYR,2019,22600896352.0
Syrian Arab Republic,SYR,2020,11159274040.0
Tajikistan,TJK,2017,7536403147.0
Tajikistan,TJK,2018,7765000282.0
Tajikistan,TJK,2019,8300813890.0
Tajikistan,TJK,2020,8133963813.0
Tajikistan,TJK,2021,8937805347.0
Tajikistan,TJK,2022,10492123388.0
Tanzania,TZA,2017,53275968095.0
Tanzania,TZA,2018,57003686049.0
Tanzania,TZA,2019,61026765850.0
Tanzania,TZA,2020,66068737757.0
Tanzania,TZA,2021,70655628141.0
Tanzania,TZA,2022,75709289056.0
Thailand,THA,2017,456000000000.0
Thailand,THA,2018,507000000000.0
Thailand,THA,2019,544000000000.0
Thailand,THA,2020,500000000000.0
Thailand,THA,2021,506000000000.0
Thailand,THA,2022,495000000000.0
Timor-Leste,TLS,2017,1595724300.0
Timor-Leste,TLS,2018,1563887900.0
Timor-Leste,TLS,2019,2028551600.0
Timor-Leste,TLS,2020,2158392500.0
Timor-Leste,TLS,2021,3621222400.0
Timor-Leste,TLS,2022,3163324631.0
Togo,TGO,2017,6395472028.0
Togo,TGO,2018,7029217932.0
Togo,TGO,2019,6992656429.0
Togo,TGO,2020,7389329393.0
Togo,TGO,2021,8334047486.0
Togo,TGO,2022,8126439481.0
Tonga,TON,2017,460374252.2
Tonga,TON,2018,488906860.9
Tonga,TON,2019,512053639.8
Tonga,TON,2020,484796858.8
Tonga,TON,2021,469228124.2
Trinidad and Tobago,TTO,2017,23797686962.0
Trinidad and Tobago,TTO,2018,24322359037.0
Trinidad and Tobago,TTO,2019,23849557811.0
Trinidad and Tobago,TTO,2020,21059428846.0
Trinidad and Tobago,TTO,2021,24460196270.0
Trinidad and Tobago,TTO,2022,27899082337.0
Tunisia,TUN,2017,42163530591.0
Tunisia,TUN,2018,42686509836.0
Tunisia,TUN,2019,41905637659.0
Tunisia,TUN,2020,42538462678.0
Tunisia,TUN,2021,46687298709.0
Tunisia,TUN,2022,46664948952.0
Turkiye,TUR,2017,859000000000.0
Turkiye,TUR,2018,778000000000.0
Turkiye,TUR,2019,760000000000.0
Turkiye,TUR,2020,720000000000.0
Turkiye,TUR,2021,819000000000.0
Turkiye,TUR,2022,906000000000.0
Turkmenistan,TKM,2017,37926285714.0
Turkmenistan,TKM,2018,40765428571.0
Turkmenistan,TKM,2019,44220285714.0
Turkmenistan,TKM,2020,45610571429.0
Turks and Caicos Islands,TCA,2017,1022365000.0
Turks and Caicos Islands,TCA,2018,1113178000.0
Turks and Caicos Islands,TCA,2019,1197415000.0
Turks and Caicos Islands,TCA,2020,924583000.0
Turks and Caicos Islands,TCA,2021,1044778790.0
Turks and Caicos Islands,TCA,2022,1138808881.0
Tuvalu,TUV,2017,45276606.0
Tuvalu,TUV,2018,48015219.95
Tuvalu,TUV,2019,54123195.27
Tuvalu,TUV,2020,51746568.7
Tuvalu,TUV,2021,60196366.81
Tuvalu,TUV,2022,60349391.1
Uganda,UGA,2017,30744473840.0
Uganda,UGA,2018,32927025621.0
Uganda,UGA,2019,35348155092.0
Uganda,UGA,2020,37605430214.0
Uganda,UGA,2021,40510241366.0
Uganda,UGA,2022,45559202049.0
Ukraine,UKR,2017,112000000000.0
Ukraine,UKR,2018,131000000000.0
Ukraine,UKR,2019,154000000000.0
Ukraine,UKR,2020,157000000000.0
Ukraine,UKR,2021,200000000000.0
Ukraine,UKR,2022,161000000000.0
United Arab Emirates,ARE,2017,391000000000.0
United Arab Emirates,ARE,2018,427000000000.0
United Arab Emirates,ARE,2019,418000000000.0
United Arab Emirates,ARE,2020,349000000000.0
United Arab Emirates,ARE,2021,415000000000.0
United Arab Emirates,ARE,2022,508000000000.0
United Kingdom,GBR,2017,2680000000000.0
United Kingdom,GBR,2018,2880000000000.0
United Kingdom,GBR,2019,2860000000000.0
United Kingdom,GBR,2020,2700000000000.0
United Kingdom,GBR,2021,3120000000000.0
United Kingdom,GBR,2022,3070000000000.0
United States,USA,2017,19500000000000.0
United States,USA,2018,20500000000000.0
United States,USA,2019,21400000000000.0
United States,USA,2020,21100000000000.0
United States,USA,2021,23300000000000.0
United States,USA,2022,25500000000000.0
Uruguay,URY,2017,65006047680.0
Uruguay,URY,2018,65203071111.0
Uruguay,URY,2019,62048585619.0
Uruguay,URY,2020,53666908480.0
Uruguay,URY,2021,61412268249.0
Uruguay,URY,2022,71177146197.0
Uzbekistan,UZB,2017,62081322741.0
Uzbekistan,UZB,2018,52870108218.0
Uzbekistan,UZB,2019,60283503705.0
Uzbekistan,UZB,2020,60224701296.0
Uzbekistan,UZB,2021,69600614989.0
Uzbekistan,UZB,2022,80391853885.0
Vanuatu,VUT,2017,880061831.0
Vanuatu,VUT,2018,914736985.4
Vanuatu,VUT,2019,936526267.6
Vanuatu,VUT,2020,909421043.5
Vanuatu,VUT,2021,971636097.9
Vanuatu,VUT,2022,983582864.6
Vietnam,VNM,2017,281000000000.0
Vietnam,VNM,2018,310000000000.0
Vietnam,VNM,2019,334000000000.0
Vietnam,VNM,2020,347000000000.0
Vietnam,VNM,2021,366000000000.0
Vietnam,VNM,2022,409000000000.0
Virgin Islands (U.S.),VIR,2017,3794000000.0
Virgin Islands (U.S.),VIR,2018,3922000000.0
Virgin Islands (U.S.),VIR,2019,4117000000.0
Virgin Islands (U.S.),VIR,2020,4204000000.0
West Bank and Gaza,PSE,2017,16128000000.0
West Bank and Gaza,PSE,2018,16276600000.0
West Bank and Gaza,PSE,2019,17133500000.0
West Bank and Gaza,PSE,2020,15531700000.0
West Bank and Gaza,PSE,2021,18109000000.0
West Bank and Gaza,PSE,2022,19111900000.0
"Yemen, Rep.",YEM,2017,26842231205.0
"Yemen, Rep.",YEM,2018,21606161066.0
Zambia,ZMB,2017,25873601261.0
Zambia,ZMB,2018,26311506435.0
Zambia,ZMB,2019,23308667781.0
Zambia,ZMB,2020,18110638619.0
Zambia,ZMB,2021,22147649569.0
Zambia,ZMB,2022,29784454056.0
Zimbabwe,ZWE,2017,17584890937.0
Zimbabwe,ZWE,2018,34156069918.0
Zimbabwe,ZWE,2019,21832234926.0
Zimbabwe,ZWE,2020,21509698406.0
Zimbabwe,ZWE,2021,28371238666.0
Zimbabwe,ZWE,2022,20678055598.0
